gameId,gameDuration,gameStartTimestamp,queueId,gameVersion
7830621536,1374,1776976327596,420,16.8.766.8562
7830575175,1110,1776974737662,420,16.8.766.8562
7829499256,1392,1776885254124,420,16.8.766.8562
7829434067,1911,1776882515771,420,16.8.766.8562
7828182032,1892,1776784552069,420,16.8.766.8562
7828147393,1473,1776782655794,420,16.8.766.8562
7828115718,1888,1776780257041,420,16.8.766.8562
7828066348,1574,1776777184377,420,16.8.766.8562
7828028293,2037,1776774249465,420,16.8.766.8562
7828008588,1866,1776772121476,420,16.8.766.8562
7827992587,921,1776770589717,420,16.8.766.8562
7826893946,1281,1776681100178,420,16.8.764.3737
7826465171,1930,1776629078038,420,16.8.764.3737
7826384382,1738,1776626458565,420,16.8.764.3737
7826323122,1532,1776624274601,420,16.8.764.3737
7825648097,1876,1776594379561,420,16.8.764.3737
7824574167,1499,1776516832959,420,16.8.764.3737
7824536382,1352,1776515035697,420,16.8.764.3737
7824512844,1181,1776513125870,420,16.8.764.3737
7824432801,1619,1776507813349,420,16.8.764.3737
7823992396,1093,1776459819747,420,16.8.764.3737
7823934953,1825,1776457490530,420,16.8.764.3737
7823848846,1827,1776454397541,420,16.8.764.3737
7823776093,1325,1776451457407,420,16.8.764.3737
7822953063,1418,1776375562712,420,16.8.764.3737
7822862635,1725,1776371754876,420,16.8.764.3737
7822801153,1369,1776369702476,420,16.8.764.3737
7822750875,918,1776367824051,420,16.8.764.3737
7821810989,2094,1776288328077,420,16.8.764.3737
7821749445,1907,1776285861998,420,16.8.764.3737
7821698485,1444,1776283483909,420,16.8.764.3737
7821646801,931,1776281589351,420,16.8.764.3737
7821583021,1117,1776279274816,420,16.8.764.3737
7821078184,1924,1776252170329,420,16.8.764.3737
7819677840,1950,1776108516270,420,16.7.760.9485
7818677110,1397,1776021086234,420,16.7.760.9485
7818600564,1443,1776017736635,420,16.7.760.9485
7818218842,1529,1776000942122,420,16.7.760.9485
7818164240,1757,1775998304590,420,16.7.760.9485
7818089785,1932,1775993580431,420,16.7.760.9485
7817606828,1913,1775940579185,420,16.7.760.9485
7816908562,1913,1775900848499,420,16.7.760.9485
7816450846,1760,1775852067256,420,16.7.760.9485
7816412283,1019,1775850816649,420,16.7.760.9485
7816361498,1655,1775848369180,420,16.7.760.9485
7815511098,2460,1775769270147,420,16.7.760.9485
7815470886,1300,1775767417020,420,16.7.760.9485
7815405287,1927,1775764956848,420,16.7.760.9485
7815305964,3350,1775760717011,420,16.7.760.9485
7815275930,918,1775759322873,420,16.7.760.9485
7815219984,1731,1775756537175,420,16.7.760.9485
7815083274,1401,1775749208822,420,16.7.760.9485
7815038504,1315,1775745663004,420,16.7.760.9485
7815000548,1918,1775742930978,420,16.7.760.9485
7814963111,1402,1775740674493,420,16.7.760.9485
7814936998,1968,1775738249309,420,16.7.760.9485
7814909276,1610,1775735811864,420,16.7.760.9485
7814887944,2066,1775733484544,420,16.7.760.9485
7814572001,1654,1775683297502,420,16.7.760.9485
7814527214,1765,1775681219269,420,16.7.760.9485
7813633026,1226,1775596668408,420,16.7.760.9485
7813596884,1369,1775595041386,420,16.7.760.9485
7813489226,1363,1775590431282,420,16.7.760.9485
7813442178,1718,1775588468681,420,16.7.760.9485
7813380771,2114,1775585929154,420,16.7.760.9485
7813242317,1109,1775579291719,420,16.7.760.9485
7813193415,2137,1775576535629,420,16.7.760.9485
7813137648,2144,1775572557964,420,16.7.760.9485
7812670806,2072,1775510450290,420,16.7.760.9485
7812608726,1726,1775507818179,420,16.7.760.9485
7812426075,1432,1775500972895,420,16.7.760.9485
7812378406,1630,1775499011104,420,16.7.760.9485
7812286047,1498,1775494800407,420,16.7.760.9485
7812240630,1939,1775492497058,420,16.7.760.9485
7812200323,1204,1775490804477,420,16.7.760.9485
7812158448,1577,1775488873987,420,16.7.760.9485
7812090283,2270,1775485227648,420,16.7.760.9485
7812048187,1465,1775482999502,420,16.7.760.9485
7811997431,2297,1775480139834,420,16.7.760.9485
7811969121,1605,1775478114277,420,16.7.760.9485
7811939685,1601,1775475879373,420,16.7.760.9485
7811905006,1365,1775473569259,420,16.7.760.9485
7810862533,1345,1775395519632,420,16.7.760.9485
7810819952,1864,1775393153725,420,16.7.760.9485
7810673023,1560,1775381876802,420,16.7.760.9485
7810206610,1668,1775333396170,420,16.7.760.9485
7809541541,1958,1775295078665,420,16.7.760.9485
7808992343,1100,1775244104701,420,16.7.760.9485
7807964947,1788,1775163056831,420,16.7.760.5228
7807907936,1542,1775160898459,420,16.7.760.5228
7807836082,1770,1775158167606,420,16.7.760.5228
7807717337,1472,1775153214024,420,16.7.760.5228
7806956469,1019,1775079186309,420,16.7.758.4427
7806886859,2539,1775076395988,420,16.7.758.4427
7806814234,1387,1775073785791,420,16.7.758.4427
7806786676,910,1775072478937,420,16.7.758.4427
7806713293,1865,1775069980160,420,16.7.758.4427
7805697338,2504,1774983213468,420,16.6.756.9613
7805668232,935,1774981895312,420,16.6.756.9613
7831477908,1460,1777056624877,420,16.8.766.8562
7831426205,1616,1777054301172,420,16.8.766.8562
7830392564,1800,1776966913817,420,16.8.766.8562
7828337297,2190,1776792591742,420,16.8.766.8562
7827533552,1827,1776715488562,420,16.8.766.8562
7827224267,1823,1776703524583,420,16.8.766.8562
7824108242,2055,1776464575180,420,16.8.764.3737
7824071351,1337,1776462907197,420,16.8.764.3737
7822785806,2338,1776369060700,420,16.8.764.3737
7821333611,1889,1776268328628,420,16.8.764.3737
7821279634,1991,1776265381212,420,16.8.764.3737
7820586426,2364,1776194392777,420,16.7.760.9485
7819658063,1933,1776107762453,420,16.7.760.9485
7819617544,1223,1776106059503,420,16.7.760.9485
7817685175,1587,1775944048416,420,16.7.760.9485
7814207916,1465,1775665832860,420,16.7.760.9485
7806935539,1856,1775078291292,420,16.7.758.4427
7804697578,1144,1774898140828,420,16.6.756.9613
7804654708,1306,1774896548328,420,16.6.756.9613
7804127324,1494,1774863869688,420,16.6.756.9613
7804108217,1686,1774861258681,420,16.6.756.9613
7803905154,2012,1774823382460,420,16.6.756.9613
7802447970,1974,1774732328146,420,16.6.756.9613
7802402530,1567,1774730383202,420,16.6.756.9613
7801036477,919,1774643581773,420,16.6.756.9613
7800946902,1583,1774640160600,420,16.6.756.9613
7800063985,1825,1774568112559,420,16.6.756.9613
7800023297,1574,1774566035516,420,16.6.756.9613
7798478816,2164,1774463311139,420,16.6.756.931
7798394167,1715,1774460122097,420,16.6.756.931
7798273283,1504,1774454938607,420,16.6.756.931
7798210308,1917,1774451977870,420,16.6.756.931
7797375759,1902,1774386470539,420,16.6.756.931
7794975847,2090,1774280609475,420,16.6.756.931
7794895276,1653,1774277637831,420,16.6.756.931
7793637932,1484,1774209271259,420,16.6.756.931
7775945722,1768,1773340149638,420,16.5.752.7101
7775893390,1418,1773338423285,420,16.5.752.7101
7775146971,2103,1773293629984,420,16.5.752.7101
7775130523,1845,1773291236679,420,16.5.752.7101
7775116528,1180,1773289692641,420,16.5.752.7101
7775092127,1786,1773287537610,420,16.5.752.7101
7775041233,2561,1773282808687,420,16.5.752.7101
7775018515,2023,1773280496455,420,16.5.752.7101
7774688477,1917,1773265382026,420,16.5.752.7101
7774628807,1456,1773263586038,420,16.5.752.7101
7774557315,1646,1773261651370,420,16.5.752.7101
7774467820,2292,1773258792422,420,16.5.751.9084
7774411920,1304,1773257115690,420,16.5.751.9084
7774368002,914,1773255812603,420,16.5.751.9084
7774314649,1578,1773253943865,420,16.5.751.9084
7773483128,1290,1773206237125,420,16.5.751.9084
7773466729,2174,1773203809789,420,16.5.751.9084
7773452205,972,1773202398855,420,16.5.751.9084
7773416888,1451,1773197804406,420,16.5.751.9084
7773394314,1818,1773195694524,420,16.5.751.9084
7773346013,1741,1773191384132,420,16.5.751.9084
7773317705,1706,1773189329025,420,16.5.751.9084
7773148181,74,1773181987549,420,16.5.751.9084
7773067136,1771,1773179402436,420,16.5.751.9084
7772927254,1617,1773175095956,420,16.5.751.9084
7772725568,1565,1773168859510,420,16.5.751.9084
7772652974,1700,1773166837308,420,16.5.751.9084
7771854676,2034,1773118787350,420,16.5.751.9084
7771829264,1892,1773116571437,420,16.5.751.9084
7771805203,2431,1773113679872,420,16.5.751.9084
7771786872,1793,1773111445905,420,16.5.751.9084
7771352764,2498,1773090492981,420,16.5.751.1533
7771233430,1715,1773087262319,420,16.5.751.1533
7771150302,2051,1773084906589,420,16.5.751.1533
7771118476,934,1773083696098,420,16.5.751.1533
7771045178,1919,1773081523707,420,16.5.751.1533
7770800549,1858,1773072489433,420,16.5.751.1533
7770169477,1726,1773030014536,420,16.5.751.1533
7770115718,1690,1773024926657,420,16.5.751.1533
7770082170,2194,1773022353477,420,16.5.751.1533
7769846318,2141,1773009629603,420,16.5.751.1533
7769658413,2017,1773003720581,420,16.5.751.1533
7769546022,2410,1773000591282,420,16.5.751.1533
7769472702,1800,1772998432312,420,16.5.751.1533
7769375967,2185,1772995694738,420,16.5.751.1533
7769316039,1451,1772993902480,420,16.5.751.1533
7768339027,1722,1772945400408,420,16.5.751.1533
7768333769,915,1772944175267,420,16.5.751.1533
7768241764,1781,1772935011662,420,16.5.751.1533
7768209290,1458,1772933120426,420,16.5.751.1533
7768146690,2340,1772929533213,420,16.5.751.1533
7768005681,2385,1772924093650,420,16.5.751.1533
7767923029,1810,1772921513321,420,16.5.751.1533
7767841261,2070,1772919058298,420,16.5.751.1533
7767609102,1928,1772911594393,420,16.5.751.1533
7767522829,2097,1772908331301,420,16.5.751.1533
7767511250,76,1772908024072,420,16.5.751.1533
7767449878,2043,1772905671941,420,16.5.751.1533
7767199077,1696,1772896500818,420,16.5.751.1533
7767147059,1539,1772894651849,420,16.5.751.1533
7766486724,2414,1772850683902,420,16.5.751.1533
7766458174,1828,1772848436955,420,16.5.751.1533
7766326699,1639,1772840836186,420,16.5.751.1533
7766278866,1135,1772838928060,420,16.5.751.1533
5545315584,1133,1776838801720,420,16.8.766.8562
5545295750,1730,1776836261326,420,16.8.766.8562
5545261585,1575,1776833321945,420,16.8.766.8562
5545243087,1310,1776831513172,420,16.8.766.8562
5545213347,1762,1776829353418,420,16.8.766.8562
5545175302,1804,1776826818508,420,16.8.766.8562
5540965144,1265,1776306016293,420,16.8.764.3737
5540901430,1762,1776301924076,420,16.8.764.3737
5540875962,1100,1776299926416,420,16.8.764.3737
5540285565,1891,1776215229512,420,16.7.760.9485
5539782086,909,1776132078123,420,16.7.760.9485
5539721477,1750,1776127485651,420,16.7.760.9485
5539353159,1796,1776055377026,420,16.7.760.9485
5539328702,1160,1776053459043,420,16.7.760.9485
5539294576,1960,1776050701166,420,16.7.760.9485
5539264344,1611,1776048487384,420,16.7.760.9485
5539224310,2298,1776045591291,420,16.7.760.9485
5539205427,914,1776044173398,420,16.7.760.9485
5539190749,911,1776042959275,420,16.7.760.9485
5539159988,1806,1776040607716,420,16.7.760.9485
5539103047,1816,1776035901934,420,16.7.760.9485
5539097918,74,1776035418336,420,16.7.760.9485
5539073876,1674,1776033006809,420,16.7.760.9485
5539042096,1674,1776029970536,420,16.7.760.9485
5539010009,1678,1776026655003,420,16.7.760.9485
5538980414,1701,1776023714985,420,16.7.760.9485
5538959154,1109,1776021088209,420,16.7.760.9485
5538570552,940,1775961377955,420,16.7.760.9485
5538555799,925,1775960217745,420,16.7.760.9485
5538521729,1592,1775957566954,420,16.7.760.9485
5538449935,1443,1775950716607,420,16.7.760.9485
5538418992,1849,1775947418329,420,16.7.760.9485
5538381254,1698,1775943203455,420,16.7.760.9485
5538361073,1408,1775940862136,420,16.7.760.9485
5538351905,951,1775939641627,420,16.7.760.9485
5538316695,1424,1775935788701,420,16.7.760.9485
5538299527,1905,1775933630799,420,16.7.760.9485
5538241854,1956,1775923940459,420,16.7.760.9485
5538227948,1975,1775921500727,420,16.7.760.9485
5537640760,1215,1775862302304,420,16.7.760.9485
5537586795,2145,1775858639534,420,16.7.760.9485
5537555925,1533,1775856468178,420,16.7.760.9485
5537530553,1315,1775854895521,420,16.7.760.9485
5537484866,2160,1775851368233,420,16.7.760.9485
5537459164,1407,1775849586441,420,16.7.760.9485
5537440962,1268,1775848057580,420,16.7.760.9485
5537390532,1821,1775844244425,420,16.7.760.9485
5537371032,1206,1775842399717,420,16.7.760.9485
5537346203,1564,1775840311451,420,16.7.760.9485
5537311943,1318,1775837129652,420,16.7.760.9485
5537294572,944,1775835869021,420,16.7.760.9485
5537281811,934,1775834363142,420,16.7.760.9485
5537245296,1607,1775831136189,420,16.7.760.9485
5537217989,1145,1775828359373,420,16.7.760.9485
5536898264,1229,1775797025580,420,16.7.760.9485
5536849367,1940,1775794464854,420,16.7.760.9485
5536803395,1622,1775792095386,420,16.7.760.9485
5536755215,1643,1775789613576,420,16.7.760.9485
5536720090,1156,1775787944712,420,16.7.760.9485
5536668278,2009,1775785516893,420,16.7.760.9485
5535777148,1580,1775718691228,420,16.7.760.9485
5535725144,1813,1775715121617,420,16.7.760.9485
5535706960,934,1775713946369,420,16.7.760.9485
5535671479,1473,1775712247650,420,16.7.760.9485
5535600772,2057,1775708920891,420,16.7.760.9485
5535563807,1296,1775707348258,420,16.7.760.9485
5535504656,1530,1775704936833,420,16.7.760.9485
5535466384,1446,1775703243011,420,16.7.760.9485
5535426723,925,1775701574439,420,16.7.760.9485
5535365173,1776,1775698735688,420,16.7.760.9485
5535304983,2343,1775695961644,420,16.7.760.9485
5535249035,1341,1775693362573,420,16.7.760.9485
5533478799,1621,1775584889608,420,16.7.760.9485
5533404575,1318,1775580296727,420,16.7.760.9485
5533378850,1508,1775578385692,420,16.7.760.9485
5533349787,1772,1775576092789,420,16.7.760.9485
5533307428,2276,1775573229539,420,16.7.760.9485
5532930643,2041,1775537962066,420,16.7.760.9485
5532892050,1807,1775535699541,420,16.7.760.9485
5532851294,1590,1775533579494,420,16.7.760.9485
5532815678,1461,1775531844757,420,16.7.760.9485
5532763924,1505,1775528978142,420,16.7.760.9485
5532708317,1430,1775526195120,420,16.7.760.9485
5532685912,1011,1775524875436,420,16.7.760.9485
5532281226,1869,1775497991859,420,16.7.760.9485
5532245727,1630,1775495295415,420,16.7.760.9485
5532214288,2594,1775492455848,420,16.7.760.9485
5532186478,1815,1775489920185,420,16.7.760.9485
5532104352,1765,1775479845854,420,16.7.760.9485
5531234560,1778,1775417595768,420,16.7.760.9485
5531191913,1151,1775414938007,420,16.7.760.9485
5531152561,1655,1775412746001,420,16.7.760.9485
5531114198,2084,1775410266309,420,16.7.760.9485
5531074446,1694,1775407527046,420,16.7.760.9485
5530894532,912,1775390568054,420,16.7.760.9485
5530846516,1668,1775385466047,420,16.7.760.9485
5530804971,1509,1775381292625,420,16.7.760.9485
5530751372,1891,1775376939574,420,16.7.760.9485
5530719038,1828,1775374390192,420,16.7.760.9485
5530677596,2442,1775371674961,420,16.7.760.9485
7831746535,1584,1777067715535,420,16.8.766.8562
7831676343,1729,1777065041125,420,16.8.766.8562
7831621728,1838,1777062541585,420,16.8.766.8562
7831575999,1158,1777060933562,420,16.8.766.8562
7831532099,1503,1777059071032,420,16.8.766.8562
7830722737,1802,1776980898638,420,16.8.766.8562
7830684088,1423,1776979155506,420,16.8.766.8562
7830640542,1239,1776976981895,420,16.8.766.8562
7830578894,1946,1776974779957,420,16.8.766.8562
7829676170,1848,1776892570016,420,16.8.766.8562
7829617062,1490,1776889980387,420,16.8.766.8562
7829567752,1321,1776887806239,420,16.8.766.8562
7829486239,1966,1776884825165,420,16.8.766.8562
7829448741,1611,1776882979823,420,16.8.766.8562
7828949986,1817,1776849805141,420,16.8.766.8562
7828783560,1962,1776810770225,420,16.8.766.8562
7828746532,1810,1776808550557,420,16.8.766.8562
7828698185,1436,1776806490085,420,16.8.766.8562
7828618801,1617,1776803049598,420,16.8.766.8562
7827742520,1948,1776725113954,420,16.8.766.8562
7827708126,1513,1776723239742,420,16.8.766.8562
7827674551,1601,1776721050767,420,16.8.766.8562
7827616824,2003,1776718712675,420,16.8.766.8562
7826891573,1612,1776680495118,420,16.8.764.3737
7826867579,1609,1776677986696,420,16.8.764.3737
7826606719,1700,1776634555949,420,16.8.764.3737
7826541347,1512,1776631953762,420,16.8.764.3737
7826508790,915,1776630453511,420,16.8.764.3737
7826434808,1751,1776627932088,420,16.8.764.3737
7826351419,1459,1776625357901,420,16.8.764.3737
7826302372,1333,1776623763061,420,16.8.764.3737
7825639983,1172,1776593887568,420,16.8.764.3737
7825614653,1642,1776591845721,420,16.8.764.3737
7831857795,1591,1777074279942,420,16.8.766.8562
7825333629,973,1776551597059,420,16.8.764.3737
7825267448,1736,1776548724708,420,16.8.764.3737
7824584201,1327,1776517433677,420,16.8.764.3737
7824550031,924,1776515547844,420,16.8.764.3737
7824510325,1603,1776513343699,420,16.8.764.3737
7824125166,1586,1776465180539,420,16.8.764.3737
7824078181,1370,1776463256603,420,16.8.764.3737
7824018791,1326,1776460648763,420,16.8.764.3737
7823934607,2269,1776457381075,420,16.8.764.3737
7823845226,1631,1776454205058,420,16.8.764.3737
7822942727,2352,1776374959399,420,16.8.764.3737
7822886479,1843,1776372673426,420,16.8.764.3737
7822831852,1338,1776370704508,420,16.8.764.3737
7821894821,1747,1776292617037,420,16.8.764.3737
7821857326,1567,1776290608692,420,16.8.764.3737
7821726334,916,1776284904106,420,16.8.764.3737
7821665196,1449,1776282488501,420,16.8.764.3737
7821558539,2408,1776277981006,420,16.8.764.3737
7821070414,1685,1776251925621,420,16.8.764.3737
7821006927,1440,1776245301249,420,16.8.764.3737
7820827604,998,1776205826857,420,16.7.760.9485
7820798568,1521,1776203970826,420,16.7.760.9485
7819931392,1760,1776121154508,420,16.7.760.9485
7819887200,2086,1776117868064,420,16.7.760.9485
7819846179,1736,1776115502286,420,16.7.760.9485
7819799353,921,1776113552833,420,16.7.760.9485
7818660254,1995,1776020384678,420,16.7.760.9485
7818609840,1539,1776018235463,420,16.7.760.9485
7818542152,1797,1776015643535,420,16.7.760.9485
7818469243,1263,1776012429229,420,16.7.760.9485
7817701469,910,1775944410432,420,16.7.760.9485
7817614242,2155,1775941036981,420,16.7.760.9485
7817589862,910,1775939862423,420,16.7.760.9485
7816925511,1119,1775902438080,420,16.7.760.9485
7816672916,1297,1775861885408,420,16.7.760.9485
7816642679,1201,1775860116995,420,16.7.760.9485
7816606090,938,1775858534290,420,16.7.760.9485
7816393199,1467,1775849945941,420,16.7.760.9485
7815524351,1614,1775770139149,420,16.7.760.9485
7815492270,1158,1775768649691,420,16.7.760.9485
7815399481,1290,1775764332784,420,16.7.760.9485
7815045145,1710,1775746668677,420,16.7.760.9485
7814651030,1696,1775687891639,420,16.7.760.9485
7814553716,2269,1775682258154,420,16.7.760.9485
7814621555,1940,1775685671060,420,16.7.760.9485
7813723724,2316,1775601539789,420,16.7.760.9485
7813689305,1127,1775599540712,420,16.7.760.9485
7813612259,980,1775595805187,420,16.7.760.9485
7813647920,1484,1775597267899,420,16.7.760.9485
7813489063,1569,1775590370015,420,16.7.760.9485
7813557004,1728,1775593269688,420,16.7.760.9485
7813416077,929,1775587262198,420,16.7.760.9485
7813441358,1467,1775588558484,420,16.7.760.9485
7812932883,1243,1775554125146,420,16.7.760.9485
7812581107,1907,1775506792058,420,16.7.760.9485
7812482864,1349,1775502933042,420,16.7.760.9485
7812528946,1393,1775504771452,420,16.7.760.9485
7831698444,1855,1777065946558,420,16.8.766.8562
7831523668,1644,1777058616070,420,16.8.766.8562
7832029888,1834,1777108953982,420,16.8.766.8562
7818503097,909,1776013908309,420,16.7.760.9485
7817727338,1561,1775946053886,420,16.7.760.9485
7815439577,2180,1775766020475,420,16.7.760.9485
7814825377,1756,1775726966708,420,16.7.760.9485
7814471014,1757,1775678595065,420,16.7.760.9485
7831925041,941,1777086067574,420,16.8.766.8562
7831206325,1764,1777042280817,420,16.8.766.8562
7831178466,1725,1777039981230,420,16.8.766.8562
7831143470,1815,1777037827307,420,16.8.766.8562
7830161596,1642,1776953991856,420,16.8.766.8562
7829853211,2026,1776909130849,420,16.8.766.8562
7829845022,1924,1776906909315,420,16.8.766.8562
7827802681,2010,1776731952995,420,16.8.766.8562
7826968275,1974,1776687931810,420,16.8.764.3737
7826753314,2185,1776649044204,420,16.8.764.3737
7826757617,209,1776648513213,420,16.8.764.3737
7826741367,1505,1776646730524,420,16.8.764.3737
7825475874,1620,1776564974308,420,16.8.764.3737
7825466826,1839,1776562780337,420,16.8.764.3737
7824523304,1770,1776514036688,420,16.8.764.3737
7824254265,2293,1776476490761,420,16.8.764.3737
7824250558,1163,1776474902521,420,16.8.764.3737
7824226338,1662,1776472874477,420,16.8.764.3737
7822319670,2088,1776348652429,420,16.8.764.3737
7821957991,2748,1776297957004,420,16.8.764.3737
7821205593,1475,1776261304468,420,16.8.764.3737
7821162743,2291,1776258488179,420,16.8.764.3737
7820208344,2271,1776173009454,420,16.7.760.9485
7820181930,1720,1776170472127,420,16.7.760.9485
7819326543,1647,1776091088672,420,16.7.760.9485
7819288519,2123,1776088346196,420,16.7.760.9485
7819265605,1373,1776086701003,420,16.7.760.9485
7816498140,1566,1775854104500,420,16.7.760.9485
7800160034,1985,1774577184296,420,16.6.756.9613
7798989631,2042,1774491283995,420,16.6.756.9613
7798978095,916,1774489924300,420,16.6.756.9613
7797746768,1572,1774405100048,420,16.6.756.931
7795935680,1461,1774314904957,420,16.6.756.931
7794777654,1790,1774272671077,420,16.6.756.931
7794246957,2090,1774235349203,420,16.6.756.931
7794222071,1854,1774233047384,420,16.6.756.931
7793397423,2151,1774202674719,420,16.6.756.931
7792451316,1454,1774153318968,420,16.6.756.931
7792414227,2255,1774149914392,420,16.6.756.931
7792394560,1688,1774147935939,420,16.6.756.931
7791557146,1741,1774117974825,420,16.6.756.931
7791494268,1596,1774115722400,420,16.6.756.931
7791445849,1477,1774113944671,420,16.6.756.931
7791386797,1217,1774112136294,420,16.6.756.931
7790490588,1660,1774061153192,420,16.6.756.931
7788801752,1734,1773982993970,420,16.6.755.2788
7788701194,1417,1773971253041,420,16.6.755.2788
7788555286,1666,1773960819413,420,16.6.755.2788
7788440105,2085,1773956102382,420,16.6.755.2788
7788078327,1866,1773943564720,420,16.6.755.2788
7787337012,1953,1773895887425,420,16.6.753.8272
7787323816,1290,1773894115119,420,16.6.753.8272
7787320578,97,1773893729815,420,16.6.753.8272
7787303552,1491,1773891961631,420,16.6.753.8272
7787031101,1895,1773875936714,420,16.6.753.8272
7786990723,1364,1773874211666,420,16.6.753.8272
7783968285,2186,1773722326263,420,16.5.752.7101
7783948788,1946,1773720073518,420,16.5.752.7101
7782224074,1446,1773633061156,420,16.5.752.7101
7782203350,1295,1773631412580,420,16.5.752.7101
7782173046,2063,1773628585132,420,16.5.752.7101
7781175354,2117,1773592968284,420,16.5.752.7101
7781121913,1059,1773591251769,420,16.5.752.7101
7780310049,2132,1773548942791,420,16.5.752.7101
7780289300,1440,1773547050821,420,16.5.752.7101
7779946064,940,1773529189371,420,16.5.752.7101
7779660727,1581,1773520449356,420,16.5.752.7101
7778420385,1834,1773461045390,420,16.5.752.7101
7778372709,1566,1773456457231,420,16.5.752.7101
7745789647,1633,1771735408967,420,16.4.748.682
7743929503,1971,1771649180162,420,16.4.748.682
7739436066,2719,1771430780820,420,16.3.745.7600
7735765295,1106,1771246735766,420,16.3.745.7600
7734462890,1777,1771177174395,420,16.3.745.7600
7734357958,2026,1771174292146,420,16.3.745.7600
7728088842,1642,1770847715202,420,16.3.745.7600
7728062417,74,1770847421426,420,16.3.745.7600
7727597031,2271,1770833026122,420,16.3.745.7600
7724943864,2405,1770673665267,420,16.3.744.7656
7723979946,2027,1770640179659,420,16.3.744.7656
7723922313,1697,1770636754635,420,16.3.744.7656
7723920080,74,1770636385608,420,16.3.744.7656
7723885902,2135,1770633875910,420,16.3.744.7656
7723585204,1630,1770596912324,420,16.3.744.7656
7723454223,2044,1770590477768,420,16.3.744.7656
7717038780,1331,1770253939332,420,16.3.742.6169
7716963744,1338,1770248909172,420,16.3.742.6169
7716515159,2333,1770234962777,420,16.3.742.6169
7715445588,2127,1770160212980,420,16.2.741.3171
7713826951,1717,1770069314827,420,16.2.741.3171
7712924548,1597,1770036601555,420,16.2.741.3171
7712885928,1791,1770034305998,420,16.2.741.3171
7712648594,1400,1769999818276,420,16.2.741.3171
7712631043,1763,1769997465868,420,16.2.741.3171
7711945822,1603,1769969631624,420,16.2.741.3171
7711885912,1494,1769967768211,420,16.2.741.3171
7711812167,1335,1769965476275,420,16.2.741.3171
7711055144,1928,1769917224888,420,16.2.741.3171
7711054166,91,1769916728279,420,16.2.741.3171
7711038331,1664,1769914533600,420,16.2.741.3171
7832667142,1787,1777146522404,420,16.8.766.8562
7832602709,1965,1777143428648,420,16.8.766.8562
7832555049,1567,1777141166545,420,16.8.766.8562
7832760166,1542,1777150308151,420,16.8.766.8562
7832721234,1252,1777148699914,420,16.8.766.8562
7832658227,1785,1777146099058,420,16.8.766.8562
7832615373,1563,1777144224506,420,16.8.766.8562
7795743185,1854,1774305361066,420,16.6.756.931
7795617354,1743,1774301267606,420,16.6.756.931
7793910489,1789,1774216978290,420,16.6.756.931
7792032571,2064,1774131910202,420,16.6.756.931
7791941249,1889,1774129463035,420,16.6.756.931
7791388345,1616,1774112369476,420,16.6.756.931
7791309203,1840,1774109699395,420,16.6.756.931
7781923843,2604,1773614863938,420,16.5.752.7101
7777618125,1636,1773427837364,420,16.5.752.7101
7776944001,1770,1773397173132,420,16.5.752.7101
7776915549,1894,1773394902082,420,16.5.752.7101
7752369879,2630,1772049453637,420,16.4.748.682
7752294245,1499,1772047587841,420,16.4.748.682
7752255734,947,1772046216196,420,16.4.748.682
7752197030,1412,1772044416501,420,16.4.748.682
7751127862,1995,1771979052438,420,16.4.748.682
7751079000,1936,1771976781153,420,16.4.748.682
7750508868,1463,1771959792594,420,16.4.748.682
7749227101,2173,1771886989250,420,16.4.748.682
7749162948,1776,1771884902167,420,16.4.748.682
7748843127,1603,1771876241434,420,16.4.748.682
7748753283,1896,1771873904936,420,16.4.748.682
7748692151,1215,1771872118306,420,16.4.748.682
7747622327,2056,1771808272227,420,16.4.748.682
7747591771,1853,1771805865659,420,16.4.748.682
7747573221,283,1771805049439,420,16.4.748.682
7747117059,910,1771790502546,420,16.4.748.682
7747031771,1863,1771788235329,420,16.4.748.682
7745413298,1694,1771714784061,420,16.4.748.682
7745353052,1546,1771712954520,420,16.4.748.682
7745271142,1899,1771710734933,420,16.4.748.682
7745107700,1816,1771706205275,420,16.4.748.682
7744985830,1688,1771702852603,420,16.4.748.682
7744934475,1188,1771701277221,420,16.4.748.682
7744866942,1540,1771699325775,420,16.4.748.682
7743815376,1734,1771634816090,420,16.4.748.682
7743773617,2042,1771632193431,420,16.4.748.682
7743764669,71,1771631822481,420,16.4.748.682
7743713128,1767,1771629742819,420,16.4.748.682
7743396898,2105,1771619558565,420,16.4.746.5697
7743339278,1274,1771617967043,420,16.4.746.5697
7743260106,1495,1771615526516,420,16.4.746.5697
7743236453,68,1771615187655,420,16.4.746.5697
7741873386,2256,1771541255179,420,16.4.746.5697
7741816819,1599,1771539357236,420,16.4.746.5697
7741745629,1831,1771537234302,420,16.4.746.5697
7741640897,2324,1771534504707,420,16.4.746.5697
7741559577,2015,1771532233572,420,16.4.746.5697
7740155642,2229,1771452577417,420,16.3.745.7600
7740008344,2001,1771448546674,420,16.3.745.7600
7734860315,1660,1771188106778,420,16.3.745.7600
7734774941,1964,1771185838573,420,16.3.745.7600
7734687389,1842,1771183675174,420,16.3.745.7600
7732872416,1166,1771099242231,420,16.3.745.7600
7732819892,1583,1771097383963,420,16.3.745.7600
7732742624,1806,1771094459015,420,16.3.745.7600
7731285463,1611,1771015352288,420,16.3.745.7600
7731174668,2887,1771012170605,420,16.3.745.7600
7731087155,1815,1771009647651,420,16.3.745.7600
7729311694,2324,1770921879757,420,16.3.745.7600
7729255817,1429,1770920181463,420,16.3.745.7600
7729176659,2202,1770917695045,420,16.3.745.7600
7726271907,2483,1770751767697,420,16.3.744.7656
7726126667,2254,1770747523047,420,16.3.744.7656
7726006924,1894,1770743797307,420,16.3.744.7656
7722867589,2581,1770572963166,420,16.3.744.7656
7722752996,2126,1770569621174,420,16.3.744.7656
7832963062,2057,1777160901288,420,16.8.766.8562
7722370128,1954,1770557342888,420,16.3.744.7656
7722294798,1594,1770554373320,420,16.3.744.7656
7722279361,74,1770553956668,420,16.3.744.7656
7832849558,1967,1777153922561,420,16.8.766.8562
7722229505,1956,1770551274309,420,16.3.744.7656
7721319985,1846,1770495649725,420,16.3.744.7656
7721271778,1203,1770494123241,420,16.3.744.7656
7718402438,1460,1770331198216,420,16.3.742.6169
7718339069,1961,1770328937621,420,16.3.742.6169
7830594259,2176,1776975471936,420,16.8.766.8562
7722448327,1720,1770560145201,420,16.3.744.7656
7832937873,1619,1777158905712,420,16.8.766.8562
7832923497,928,1777157710897,420,16.8.766.8562
7832803491,1741,1777151896162,420,16.8.766.8562
7832753698,1726,1777149920949,420,16.8.766.8562
7832704834,1692,1777147908331,420,16.8.766.8562
7832638139,2376,1777145205098,420,16.8.766.8562
7830662643,1577,1776978114210,420,16.8.766.8562
7716879066,1722,1770245425128,420,16.3.742.6169
7716810059,1696,1770243180236,420,16.3.742.6169
7750626583,1420,1771962849185,420,16.4.748.682
7715257726,1726,1770154263795,420,16.2.741.3171
7750530485,2194,1771960283620,420,16.4.748.682
7712302040,2407,1769980217542,420,16.2.741.3171
7750460394,1509,1771958526113,420,16.4.748.682
7712252283,1124,1769978761673,420,16.2.741.3171
7749817644,1037,1771932450530,420,16.4.748.682
7711671947,2806,1769960878701,420,16.2.741.3171
7749773526,2235,1771929863977,420,16.4.748.682
7711572992,2302,1769957588714,420,16.2.741.3171
7711518884,1589,1769955656887,420,16.2.741.3171
7749134240,1587,1771884083564,420,16.4.748.682
7749113594,452,1771883327643,420,16.4.748.682
7749026605,2058,1771880968099,420,16.4.748.682
7710700662,1398,1769896914776,420,16.2.741.3171
7711477719,1335,1769953946059,420,16.2.741.3171
7748254397,1665,1771856708770,420,16.4.748.682
7710636559,1552,1769894874659,420,16.2.741.3171
7748095629,2019,1771848676111,420,16.4.748.682
7710556975,1891,1769892295066,420,16.2.741.3171
7747425273,1713,1771799035136,420,16.4.748.682
7710013927,1783,1769871804935,420,16.2.741.3171
7747370344,1332,1771797287319,420,16.4.748.682
7709964914,1660,1769869753809,420,16.2.741.3171
7747279507,2397,1771794533857,420,16.4.748.682
7709910630,1824,1769867639624,420,16.2.741.3171
7747199098,1612,1771792645690,420,16.4.748.682
7709816523,2385,1769863360655,420,16.2.741.3171
7745443287,1676,1771715711088,420,16.4.748.682
7709758779,2229,1769860421969,420,16.2.741.3171
7709088432,2632,1769808341986,420,16.2.741.3171
7745344383,2069,1771712798555,420,16.4.748.682
7745251448,2257,1771710264506,420,16.4.748.682
7708997502,1959,1769805558987,420,16.2.741.3171
7745165841,2207,1771707780416,420,16.4.748.682
7708941905,1312,1769803848043,420,16.2.741.3171
7744262204,1488,1771679208483,420,16.4.748.682
7708874732,1768,1769801747907,420,16.2.741.3171
7707313761,1904,1769712673155,420,16.2.741.3171
7744199544,2483,1771676411665,420,16.4.748.682
7744127984,2258,1771673304209,420,16.4.748.682
7706117596,2273,1769633034534,420,16.2.741.3171
7744093169,1565,1771671451353,420,16.4.748.682
7706010963,2648,1769629930466,420,16.2.741.3171
7744057314,1479,1771669547613,420,16.4.748.682
7744018077,2225,1771666712632,420,16.4.748.682
7743541269,1787,1771623921653,420,16.4.746.5697
7743438169,2283,1771620723096,420,16.4.746.5697
7743361589,1590,1771618439009,420,16.4.746.5697
7743221106,2302,1771614362933,420,16.4.746.5697
7743164946,1444,1771612540492,420,16.4.746.5697
7743307728,1229,1771616941148,420,16.4.746.5697
7741918443,2536,1771542838557,420,16.4.746.5697
7741845674,2415,1771540172427,420,16.4.746.5697
7741708965,1781,1771536396385,420,16.4.746.5697
7741787793,1352,1771538550318,420,16.4.746.5697
7741523305,1672,1771531612010,420,16.4.746.5697
7741607854,2232,1771533641476,420,16.4.746.5697
7741430949,2324,1771528916358,420,16.4.746.5697
7740137299,2322,1771452201410,420,16.3.745.7600
7739996883,1924,1771448049697,420,16.3.745.7600
7740075715,1665,1771450268042,420,16.3.745.7600
7739899457,2312,1771445408516,420,16.3.745.7600
7739809041,2124,1771442906899,420,16.3.745.7600
7739736723,1862,1771440788292,420,16.3.745.7600
7739046473,1795,1771412510593,420,16.3.745.7600
7738565017,2096,1771372018345,420,16.3.745.7600
7738517540,1965,1771369747435,420,16.3.745.7600
7738434060,2522,1771366949202,420,16.3.745.7600
7738349483,2095,1771364353623,420,16.3.745.7600
7736680565,1649,1771277984653,420,16.3.745.7600
7738273468,1847,1771362153595,420,16.3.745.7600
7736584344,123,1771275485751,420,16.3.745.7600
7736602105,1775,1771275914775,420,16.3.745.7600
7734963384,1745,1771190862332,420,16.3.745.7600
7734858972,2610,1771187970626,420,16.3.745.7600
7734744379,2586,1771185131937,420,16.3.745.7600
7734661670,2077,1771182746175,420,16.3.745.7600
7734288741,2045,1771172286982,420,16.3.745.7600
7734167975,2320,1771168795464,420,16.3.745.7600
7733950798,1420,1771161606042,420,16.3.745.7600
7733705931,1897,1771150380068,420,16.3.745.7600
7733879535,2036,1771158859690,420,16.3.745.7600
7732817336,2000,1771097420899,420,16.3.745.7600
7732895840,2293,1771099905319,420,16.3.745.7600
7732553514,1553,1771087707706,420,16.3.745.7600
7732398395,2596,1771082359778,420,16.3.745.7600
7732491470,1590,1771085332205,420,16.3.745.7600
7732162356,2103,1771073255977,420,16.3.745.7600
7732227080,2248,1771075799713,420,16.3.745.7600
7731695460,2432,1771027896348,420,16.3.745.7600
7731633358,1861,1771025743255,420,16.3.745.7600
7731541969,2350,1771022657567,420,16.3.745.7600
7731473124,1627,1771020741633,420,16.3.745.7600
7731402849,1598,1771018781888,420,16.3.745.7600
7731303812,2330,1771016068880,420,16.3.745.7600
7729494942,2382,1770927185947,420,16.3.745.7600
7729437983,915,1770925598256,420,16.3.745.7600
7729277100,2295,1770920999173,420,16.3.745.7600
7728182970,1305,1770851435921,420,16.3.745.7600
7728045610,1890,1770846553623,420,16.3.745.7600
7727045851,3019,1770804462239,420,16.3.745.7600
7726549187,1539,1770759661318,420,16.3.744.7656
7726345388,2609,1770754019099,420,16.3.744.7656
7729364284,1657,1770923555266,420,16.3.745.7600
7728218987,1507,1770853048741,420,16.3.745.7600
7728113838,2333,1770848825009,420,16.3.745.7600
7727947046,1844,1770843560624,420,16.3.745.7600
7726606208,2127,1770761472664,420,16.3.744.7656
7726453192,2469,1770756929957,420,16.3.744.7656
7726206947,2049,1770749987102,420,16.3.744.7656
7720588033,1980,1770470146896,420,16.3.744.7656
7821537075,1134,1776277434549,420,16.8.764.3737
7821437773,1440,1776273196406,420,16.8.764.3737
7821237001,1911,1776263115458,420,16.8.764.3737
7820218807,1868,1776173335885,420,16.7.760.9485
7820194616,1894,1776171168887,420,16.7.760.9485
7820163092,2014,1776168830669,420,16.7.760.9485
7819576090,1975,1776104607926,420,16.7.760.9485
7819460793,1654,1776098942338,420,16.7.760.9485
7819411286,2051,1776096572417,420,16.7.760.9485
7819272511,2502,1776087314411,420,16.7.760.9485
7819231109,2130,1776084239478,420,16.7.760.9485
7819229645,76,1776083793020,420,16.7.760.9485
7818708238,1454,1776022309665,420,16.7.760.9485
7818674805,922,1776020985064,420,16.7.760.9485
7818599355,2255,1776018132813,420,16.7.760.9485
7817000248,1798,1775908539345,420,16.7.760.9485
7816922914,2127,1775902519203,420,16.7.760.9485
7816899076,1734,1775900374676,420,16.7.760.9485
7816553421,1818,1775856397690,420,16.7.760.9485
7816490134,2285,1775853789494,420,16.7.760.9485
7816444995,1522,1775851939335,420,16.7.760.9485
7816332346,1874,1775847421921,420,16.7.760.9485
7816193103,2487,1775840471102,420,16.7.760.9485
7815559075,2076,1775771642526,420,16.7.760.9485
7815018396,2018,1775744942333,420,16.7.760.9485
7814951875,988,1775739735060,420,16.7.760.9485
7814929888,1362,1775737351184,420,16.7.760.9485
7814907723,1819,1775735239015,420,16.7.760.9485
7813969124,1955,1775648150526,420,16.7.760.9485
7813459924,1560,1775589146090,420,16.7.760.9485
7813387384,2174,1775586396895,420,16.7.760.9485
7813222132,1866,1775578052417,420,16.7.760.9485
7813079048,1758,1775568595395,420,16.7.760.9485
7812457396,1872,1775502316774,420,16.7.760.9485
7811520317,1602,1775425881625,420,16.7.760.9485
7811116422,2840,1775409271932,420,16.7.760.9485
7811040915,1727,1775405277631,420,16.7.760.9485
7810986659,2429,1775402473233,420,16.7.760.9485
7810946718,1788,1775400428476,420,16.7.760.9485
7810821720,2818,1775393212680,420,16.7.760.9485
7810692841,1482,1775383600407,420,16.7.760.9485
7806606894,2174,1775065064632,420,16.7.758.4427
7804622788,1814,1774895377079,420,16.6.756.9613
7804591240,1010,1774894097573,420,16.6.756.9613
7803488550,2232,1774806374974,420,16.6.756.9613
7803338559,1856,1774800142480,420,16.6.756.9613
7803208983,2653,1774794846403,420,16.6.756.9613
7803162225,1730,1774792764967,420,16.6.756.9613
7803139222,722,1774791685244,420,16.6.756.9613
7802975192,1694,1774782420397,420,16.6.756.9613
7802950732,1643,1774780519569,420,16.6.756.9613
7802469823,2390,1774733100164,420,16.6.756.9613
7802402194,1978,1774730689610,420,16.6.756.9613
7802303215,1714,1774726740242,420,16.6.756.9613
7802175958,1770,1774721034282,420,16.6.756.9613
7801820868,1756,1774704490751,420,16.6.756.9613
7800701862,1657,1774628989298,420,16.6.756.9613
7800664162,1562,1774627211898,420,16.6.756.9613
7798416986,1591,1774461086691,420,16.6.756.931
7798285391,1903,1774455561368,420,16.6.756.931
7796892402,1718,1774372373424,420,16.6.756.931
7796860711,940,1774371121496,420,16.6.756.931
7795637366,1661,1774301834122,420,16.6.756.931
7795390076,2017,1774294876376,420,16.6.756.931
7795331425,1410,1774293138103,420,16.6.756.931
7794949151,1765,1774279822383,420,16.6.756.931
7794823012,912,1774274822826,420,16.6.756.931
7793876809,1938,1774216008331,420,16.6.756.931
7793789892,1883,1774213577211,420,16.6.756.931
7793693481,2456,1774210651471,420,16.6.756.931
7793644836,987,1774209403223,420,16.6.756.931
7793223811,1498,1774197424381,420,16.6.756.931
7793126003,1893,1774194262836,420,16.6.756.931
7793063956,1511,1774192167451,420,16.6.756.931
7792796464,1637,1774181824243,420,16.6.756.931
7791377072,1419,1774111954844,420,16.6.756.931
7790972755,2027,1774096782794,420,16.6.756.931
7790923284,1468,1774095020492,420,16.6.756.931
7790836332,1955,1774091029160,420,16.6.756.931
7790797914,1934,1774088807419,420,16.6.756.931
7790104967,2562,1774044062214,420,16.6.755.2788
7789880370,2214,1774037599558,420,16.6.755.2788
7783339112,2251,1773692346435,420,16.5.752.7101
7783266021,1779,1773690169920,420,16.5.752.7101
7782885677,2023,1773677161234,420,16.5.752.7101
7782831747,1846,1773675025265,420,16.5.752.7101
7782768952,2125,1773672437638,420,16.5.752.7101
7779807263,911,1773524957704,420,16.5.752.7101
7779693968,1565,1773521550105,420,16.5.752.7101
7779074542,1494,1773500507793,420,16.5.752.7101
7778947900,2227,1773495937862,420,16.5.752.7101
7777293915,1635,1773415197988,420,16.5.752.7101
7777173059,2238,1773409958537,420,16.5.752.7101
7776347237,2246,1773353013189,420,16.5.752.7101
7775640055,2908,1773327754097,420,16.5.752.7101
7775465731,1466,1773318714403,420,16.5.752.7101
7774177844,1902,1773249382515,420,16.5.751.9084
7774112631,2173,1773246789470,420,16.5.751.9084
7773711422,2009,1773228180449,420,16.5.751.9084
7771370235,1719,1773091128407,420,16.5.751.1533
7834518187,2076,1777301751838,420,16.8.766.8562
7833740200,1867,1777226948039,420,16.8.766.8562
7833702834,1097,1777225251844,420,16.8.766.8562
7833646467,1410,1777222639519,420,16.8.766.8562
7833580369,1620,1777220059012,420,16.8.766.8562
7833186457,1530,1777198723538,420,16.8.766.8562
7833147075,1318,1777196149326,420,16.8.766.8562
7833130849,910,1777194546516,420,16.8.766.8562
7832795870,933,1777151798882,420,16.8.766.8562
7832715999,1827,1777148559057,420,16.8.766.8562
7832600051,1786,1777143350039,420,16.8.766.8562
7831775336,1579,1777069411658,420,16.8.766.8562
7831726101,933,1777066997971,420,16.8.766.8562
7831645647,1608,1777063593553,420,16.8.766.8562
7830724887,1836,1776981085407,420,16.8.766.8562
7830561651,1892,1776973952479,420,16.8.766.8562
7833876353,1956,1777232340352,420,16.8.766.8562
7833842566,1124,1777230747122,420,16.8.766.8562
7833743631,1418,1777226877058,420,16.8.766.8562
7834207841,1747,1777259066343,420,16.8.766.8562
7834198331,1778,1777256868043,420,16.8.766.8562
7833039029,2909,1777173513322,420,16.8.766.8562
7833038492,1719,1777171377379,420,16.8.766.8562
7833574130,1890,1777219655798,420,16.8.766.8562
7833536526,1600,1777217765616,420,16.8.766.8562
7834652862,1586,1777309056848,420,16.8.766.8562
7834612548,1864,1777306892914,420,16.8.766.8562
7834565966,1960,1777304654442,420,16.8.766.8562
7833881647,2028,1777232300451,420,16.8.766.8562
7833808885,1814,1777229601722,420,16.8.766.8562
7833744806,2024,1777226971300,420,16.8.766.8562
7833644843,1747,1777222724823,420,16.8.766.8562
7833591803,2047,1777220413162,420,16.8.766.8562
7833534351,1964,1777218038286,420,16.8.766.8562
7833291154,1540,1777205937365,420,16.8.766.8562
7833292640,75,1777205554058,420,16.8.766.8562
7833251988,1888,1777203388622,420,16.8.766.8562
7833168547,1916,1777197446131,420,16.8.766.8562
7833143925,1484,1777195704037,420,16.8.766.8562
7835094877,1544,1777327765387,420,16.8.766.8562
7835044591,1996,1777324947815,420,16.8.766.8562
7834973623,1989,1777321971280,420,16.8.766.8562
7835181257,1392,1777336719024,420,16.8.766.8562
7835162044,1891,1777333553648,420,16.8.766.8562
7835014999,1713,1777323823159,420,16.8.766.8562
7834947195,2168,1777321137383,420,16.8.766.8562
7834870729,2896,1777318151918,420,16.8.766.8562
7834820037,1589,1777316286452,420,16.8.766.8562
7835061519,1554,1777325742012,420,16.8.766.8562
7834981785,1632,1777322354888,420,16.8.766.8562
7834937746,1454,1777320569067,420,16.8.766.8562
